ba,trailing_mw,baseline_mw,growth_pct,trailing_hours,baseline_hours,baseline_years
AZPS,4749.97294520548,4034.6298706240486,17.730079276659573,8760,26280,3
ERCO,57811.6647260274,52448.83222983257,10.224884460143379,8760,26280,3
SWPP,35480.59988584475,32969.41275859725,7.616717791228078,8760,26280,3
PJM,99004.57363013699,92309.84759990025,7.252450528630239,8760,26279,3
NEVP,4879.199543378995,4557.824200913242,7.05106928874879,8760,26280,3
BPAT,7195.502283105023,6751.570266634051,6.57524100230229,8760,26280,3
DUK,12848.7294211668,12231.647184170472,5.044964326594714,8759,26280,3
TEPC,1704.7655251141553,1623.150496786741,5.028186141025293,8760,26232,3
EPE,1094.495091324201,1043.5389220706757,4.883015685932812,8760,26280,3
SCEG,2922.0036253069816,2787.798514444415,4.814017590123876,8551,26231,3
SOCO,28098.05319634703,26833.878462709283,4.711114479386791,8760,26280,3
MISO,77353.69611872146,73926.58479748941,4.635830710454303,8760,26280,3
TVA,19837.04805936073,19100.119406392696,3.8582410784373966,8760,26280,3
SRP,4166.455251141552,4011.781241954623,3.855494600985998,8760,26280,3
ISNE,13437.768493150685,12940.612985984337,3.841823472387329,8760,26280,3
PNM,1719.3261415525114,1673.8311263318112,2.718017039174203,8760,26280,3
PACE,6122.84497716895,5967.339535768646,2.60594257236737,8760,26280,3
IPCO,2182.6634703196346,2138.4878995433787,2.065738636430381,8760,26280,3
NYIS,17340.929337899543,17036.051750380517,1.789602379625399,8760,26280,3
GCPD,752.6824200913242,747.5067023950837,0.6923974968594759,8760,26280,3
PACW,2395.0238584474887,2387.6596651445966,0.3084272608192773,8760,26280,3
